KUPERMAN M,1351.401087,-1951.694037,-2217.440618,16
ABRAMSON G,2086.051802,-1304.058976,-1593.606584,15
BONILLA L,2579.051802,-3765.058976,-6.822753,16
ACEBRON J,2441.282189,-3346.817179,21.437408,16
PEREZVICENTE C,2363.282189,-3343.817179,78.424753,16
RITORT F,2358.282189,-3355.817179,-36.562598,16
SPIGLER R,2323.40206,-3467.710929,56.32665,16
ADAR E,3017.40206,-2555.710929,2673.554986,14
ADAMIC L,3063.311741,-2479.016544,2560.480324,16
HUBERMAN B,3519.688259,-2757.983456,2760.971092,18
LUKOSE R,3584.688259,-2780.983456,2752.141502,16
PUNIYANI A,3581.981129,-2753.259825,2769.496983,16
GERSTEIN G,2614.672798,-2538.360631,5890.116706,16
AERTSEN A,2086.897949,-2316.914665,6012.715867,19
HABIB M,2160.897949,-2306.914665,5859.525681,16
PALM G,2092.897949,-2329.914665,5830.149705,16
VERICHEV N,-3052.101767,706.629907,-2659.132997,15
AFRAIMOVICH V,-2743.955838,844.928543,-2949.761094,15
RABINOVICH M,-2711.142766,876.829406,-2941.213506,15
MAGNANTI T,3489.026019,-1105.370832,434.404611,15
AHUJA R,3268.209603,-1353.646244,953.772307,15
ORLIN J,3269.33159,-1298.261612,931.518018,15
CHUNG F,-1196.77904,6.896288,-2420.663202,17
AIELLO W,-786.011957,175.807183,-2395.523912,15
LU L,-1089.07455,35.432427,-2381.257648,17
MIROJULIA J,-2408.011957,-779.192817,-948.526109,15
ALBERICH R,-2834.9373,-577.98913,-1248.49943,15
ROSSELLO F,-2744.407808,-581.436536,-1287.007393,15
ALBERT I,-549.548528,587.240817,3159.30459,15
ALBERT R,-806.758021,715.673164,3350.828341,21
NAKARADO G,-950.732102,771.573905,3143.523026,15
BARABASI A,-544.758021,903.673164,3469.93796,40
JEONG H,-298.140496,517.868385,3421.379154,34
BRAY D,427.128481,5315.739239,2618.693594,17
ALBERTS B,331.497176,5442.711063,2724.038865,17
LEWIS J,319.497176,5343.711063,2630.038865,17
RAFF M,242.497176,5333.711063,2722.68889,17
ROBERTS K,308.066546,4901.905776,2933.50053,17
WATSON J,298.497176,5465.711063,2604.024949,17
PITTEL B,259.497176,-1724.288937,86.202127,14
ALDOUS D,453.867395,-2027.393727,11.259019,14
HOLYST J,719.867395,191.606273,486.301118,18
ALEKSIEJUK A,462.767592,492.035156,922.164672,15
STAUFFER D,150.224012,508.640611,1068.840124,23
ARECCHI F,-91.45747,2061.804947,-1207.983323,18
ALLARIA E,-54.312077,2203.441961,-1636.235826,16
DIGARBO A,-122.577968,2015.835384,-1585.132967,16
MEUCCI R,-87.577968,2023.835384,-1652.121797,16
ALMAAS E,-521.577968,416.835384,3512.529387,20
KOVACS B,77.182121,803.118128,3834.630474,16
VICSEK T,180.242377,1158.758233,3738.325084,26
OLTVAI Z,-236.946378,916.249551,3786.612608,30
KRAPIVSKY P,-677.297573,-75.484947,4184.87716,20
REDNER S,-569.739706,-317.074672,4022.539152,20
KULKARNI R,-336.739706,275.925328,4019.269743,16
STROUD D,-427.002428,589.809962,4145.505067,15
YUSTER R,155.997572,-2454.190038,663.490891,15
ALON N,36.096796,-2687.542039,609.127571,15
ZWICK U,33.096796,-2644.542039,647.115028,15
SURETTE M,1978.096796,-5203.542039,2771.856376,20
ALON U,1827.532369,-5523.325932,2323.431471,28
BARKAI N,2360.081336,-5143.727744,2040.413669,19
LEIBER S,2095.51363,-5245.935237,2215.447274,16
BROWN P,3627.467631,2664.325932,71.907288,15
ALTER O,3861.395497,2368.80255,-299.801905,15
BOTSTEIN D,3881.889164,2420.12992,-303.90576,15
SCALA A,-363.604503,-267.19745,320.819126,16
AMARAL L,-718.388355,-361.7289,687.458572,23
BARTHELEMY M,-795.821476,-117.90885,524.406025,22
STANLEY H,-626.328591,-575.335748,782.569281,21
HERNANDEZGARCIA E,1578.875909,1974.33933,-5240.623516,16
AMENGUAL A,1303.648578,1844.486847,-4852.101958,16
MONTAGNE R,1297.347837,1863.594583,-4920.78007,16
SANMIGUEL M,1401.351422,1807.513153,-5526.072603,18
NEWMAN M,210.351422,-12.486847,77.644637,34
ANCELMEYERS L,-106.707382,-143.542723,25.892105,16
MARTIN M,222.089893,148.351565,-118.606981,16
SCHRAG S,-147.032283,-38.053007,216.093408,16
WASSERMAN S,-1445.898594,3507.30739,1487.281585,16
ANDERSON C,-1631.450044,3172.230995,1568.136591,15
CROUCH B,-1691.034106,3138.298268,1473.187805,15
ARROW K,-3605.829956,-402.152898,592.394846,15
ANDERSON P,-3319.61031,-105.480973,555.158084,15
PINES D,-3311.61031,-117.480973,499.170077,15
MAY R,4837.38969,956.519027,-77.977853,16
ANDERSON R,4617.817422,970.232932,-368.715391,15
ANTAL T,-407.126353,-63.453206,3613.741949,14
GOUGH J,2026.562384,-554.430906,-1212.181137,15
APIC G,1682.211375,-499.616594,-1540.705229,15
TEICHMANN S,1665.014241,-547.243023,-1477.125286,15
CABRALES A,-685.788625,-529.616594,30.512732,16
ARENAS A,-199.269653,-322.908425,112.287262,20
DIAZGUILERA A,-205.269653,-272.908425,40.938618,25
GUIMERA R,-192.079383,-398.900942,219.870551,22
VEGAREDONDO F,-135.080296,-438.457042,97.248303,16
DANON L,-241.269653,-491.908425,91.839958,17
GLEISER P,-793.585064,-536.907176,212.293898,16
BUESCU J,-2408.414936,-927.092824,-2030.511862,15
ASHWIN P,-2898.945089,-792.7876,-1907.142367,15
STEWART I,-2941.945089,-761.7876,-1932.142367,15
JOST J,1602.054911,3605.2124,604.260221,16
ATAY F,2046.660363,3262.500188,586.893676,15
WENDE A,1991.660363,3266.500188,593.893676,15
HART S,494.660363,-126.499812,-754.888856,14
AUMANN R,265.64834,-79.851416,-1020.21352,14
HOGUE C,1397.358078,698.373122,328.959297,14
BADER G,1369.963053,417.126747,734.798618,14
PACZUSKI M,-1483.862568,-636.30024,5168.433624,16
BAIESI M,-1233.367135,-879.345972,4740.139564,14
ULANOWICZ R,-1237.918972,-4873.758099,2814.039267,17
BAIRD D,-1071.352135,-4765.239752,2832.968109,14
FAULKNER R,2903.647865,-759.239752,843.669037,14
BAKER W,2867.1951,-332.196546,962.367196,16
SNEPPEN K,415.309991,154.810754,1124.607695,20
BAK P,382.874091,-355.045241,1030.676897,14
MOLLISON D,2644.739845,3121.264322,1012.902388,15
BALL F,2920.627145,3506.119249,1047.342875,15
SCALIATOMBA G,2974.667792,3513.135886,1043.881638,15
MARITAN A,-1229.329386,69.070662,229.584677,23
BANAVAR J,-1623.403523,-70.416768,560.245233,18
RINALDO A,-1382.817378,-201.882042,646.101026,17
CARLEY K,2572.921449,891.386138,1479.597023,14
BANKS D,2531.868897,1038.959059,1386.093822,14
BIANCONI G,-594.518613,1108.226297,2865.134263,16
RAVASZ E,89.988141,1026.864037,3156.957806,21
NEDA Z,164.043141,937.580474,3133.652631,20
SCHUBERT A,277.635016,965.083539,3162.963748,20
PECORA L,886.383367,1684.602464,-1618.173679,19
BARAHONA M,560.775106,1643.086624,-1586.770416,14
REINERT G,1797.775106,-201.913376,323.241333,14
BARBOUR A,1750.427863,-346.390986,733.783483,14
GERBER G,4929.963401,-2569.463911,-2277.435476,20
BARJOSEPH Z,5257.588034,-2527.914951,-2482.759739,20
LEE T,4813.450689,-2602.861525,-2663.972812,20
RINALDI N,4680.332773,-2671.018525,-2494.497269,20
YOO J,4991.450689,-2487.861525,-2550.256015,20
ROBERT F,5157.705085,-2507.122755,-2202.470329,20
GORDON D,5224.970499,-2378.245242,-2228.109214,20
FRAENKEL E,5131.924773,-2624.299723,-2367.980898,20
JAAKKOLA T,5052.970499,-2303.245242,-2406.109214,20
YOUNG R,4893.759365,-2033.248794,-2577.42163,20
BARRAT A,-638.549311,-87.861525,302.135495,16
PASTORSATORRAS R,-313.081495,383.245526,132.348495,25
VESPIGNANI A,-572.013946,416.44215,390.231706,24
WEIGT M,-484.563325,425.652115,419.128802,15
SO P,611.996831,-2655.498379,-2375.767831,16
BARRETO E,449.144763,-3005.194985,-2761.127334,16
GLUCKMANN B,473.144763,-3034.194985,-2832.114028,16
SCHIFF S,473.144763,-2954.194985,-2822.114028,16
GONDRAN B,-544.936549,-275.052884,237.764379,15
GUICHARD E,-127.943394,-19.887228,446.248502,15
MRVAR A,730.328591,-1268.664252,-615.688208,14
BATAGELJ V,285.952072,-1494.489359,-696.642468,14
CATANZARO M,-1342.673654,1261.287369,570.897707,14
BATTISTON S,-1029.846196,1405.96661,789.08396,17
LONGLEY P,-42.846196,-1495.03339,210.650168,14
BATTY M,-378.683921,-1749.712502,474.857442,14
BERNARD D,234.316079,101.287498,-218.142558,14
BAUER M,461.754665,332.270317,-287.820996,15
SCHIKORSKI T,-2889.245335,-691.729683,-2908.502362,15
BCHKLOVSKII D,-3151.027556,-1000.42535,-3198.269271,15
STEVENS C,-3092.027556,-1029.42535,-3181.647689,16
MOODY J,113.972444,1687.57465,254.732361,15
BEARMAN P,231.832952,1785.299436,704.565178,15
STOVEL K,195.398858,1718.860428,667.781262,15
BEKESSY P,657.398858,-592.139572,-425.231265,15
BEKESSY A,939.437824,-690.666443,-532.37844,15
KOMLOS J,970.223186,-630.988448,-462.400433,16
BELYKH V,-3049.562176,2913.333557,790.012643,15
BELYKH I,-3337.960364,3330.736611,502.162461,15
HASLER M,-3300.960364,3337.736611,476.553544,15
CANFIELD E,688.039636,3319.736611,244.944993,14
BENDER E,759.760729,3190.076205,678.191622,14
BENNAIM E,-827.760729,-414.076205,4109.669432,16
FRAUENFELDER H,-891.780132,-644.504963,4537.682434,15
TOROCZKAI Z,-993.367135,-742.345972,4821.172279,18
LASSIG M,-847.50115,-1839.751611,-4088.363046,15
BERG J,-1006.761167,-2218.538771,-4137.874862,15
WAGNER A,-1005.761167,-2281.538771,-4231.700301,17
BERLOW E,-664.761167,1061.461229,3152.917374,16
BERNARDES A,362.625385,520.744525,430.705354,16
COSTA U,300.029236,752.25951,890.173162,16
ARAUJO A,279.951656,701.326308,938.688601,16
KERTESZ J,524.937322,779.428947,519.031628,21
KILLWORTH P,4385.714688,3622.894259,237.67698,16
BERNARD H,4210.278444,3791.617116,360.041898,16
EVANS M,4269.623309,3704.762424,328.195513,16
MCCARTY C,4166.701511,3693.166867,327.193252,16
SHELLEY G,4236.110558,3785.342358,248.207765,16
GALAS D,-850.650341,316.968122,-2362.030383,16
BHAN A,-997.07455,-18.567573,-2186.718098,15
DEWEY T,-942.630028,-70.950948,-2343.307831,16
CAPOCCI A,-1080.07455,848.432427,1812.470623,18
PETERSON C,2081.389634,-35.783647,-6.370848,14
BILKE S,2078.682094,15.822083,-25.608927,14
CHANG C,4137.089355,1689.975735,112.699253,15
BLANCHARD P,3937.327863,1640.428854,-237.762982,16
KRUGER T,3963.327863,1661.428854,-301.980103,15
HUPPERT A,-927.672137,3979.428854,834.322462,15
BLASIUS B,-1128.943539,4073.051575,1034.163695,15
STONE L,-1151.943539,4116.051575,1068.152831,15
SAMUEL M,2868.124701,1135.289437,-562.347506,15
BLOWER S,2661.029464,895.655043,-811.618973,15
WILEY J,2663.598044,816.933261,-731.567933,15
BOCCALETTI S,275.585506,2083.026492,-1296.170004,28
BRAGARD J,410.312077,2156.558039,-804.357192,17
MANCINI H,510.312077,2246.558039,-839.791396,20
KURTHS J,1068.894898,2981.868728,-1223.405524,27
VALLADARES D,613.894959,2322.113925,-1527.083509,18
OSIPOV G,667.774138,2842.401234,-1626.925705,18
ZHOU C,1002.964377,2627.117952,-1732.033529,17
PELAEZ A,568.209394,1741.40524,-1488.004753,15
MAZA D,773.224894,2371.913376,-918.324371,17
BOGUNA M,-590.52848,211.052537,347.603943,18
MINAI A,-3348.915373,-449.836579,-570.788404,15
BOHLAND J,-3071.360894,-409.047107,-55.344319,14
RIORDAN O,2252.277216,1336.454566,-2795.015355,16
BOLLOBAS B,1905.359383,1296.988565,-3275.172311,16
SPENCER J,1947.796725,1230.134451,-3334.499834,16
TUSNADY G,2073.516888,1219.795209,-3306.216155,16
LILLO F,-466.24205,-905.865698,664.564744,15
BONANNO G,-579.591254,-940.420973,955.902369,15
MANTEGNA R,-586.591254,-817.420973,955.281794,16
GOMEZ I,2471.804495,948.651108,633.146857,14
BORDENS M,2981.627939,1091.372304,650.121297,14
EVERETT M,4212.627939,-1100.627696,2895.512471,14
BORGATTI S,3923.691454,-1051.002102,3079.991229,18
FOSTER P,3863.691454,-1054.002102,3037.032611,14
KOPELL N,4183.796846,-1234.383044,-716.438121,17
BORGERS C,4419.89086,-1460.207138,-1248.114567,14
EBEL H,-429.521687,3397.939459,-4209.043731,16
BORNHOLDT S,-368.938877,3464.150421,-3936.008027,18
ROHLF T,-349.938877,3389.150421,-3906.966645,14
SCHUSTER H,-519.938877,3466.150421,-4017.805024,16
DONG H,587.450696,408.37244,-2864.316658,15
BOTA M,729.254098,428.692137,-2775.64475,15
SWANSON L,737.291339,427.646376,-2852.318842,15
MENDOZA C,461.291339,2356.646376,-1155.100061,16
HENTSCHEL H,444.577968,2116.164616,-681.313567,19
BOORMAN S,-2338.861688,4508.163031,-560.482409,16
BREIGER R,-2439.883091,4207.173962,-717.627525,16
ARABIE P,-2332.116909,4693.826038,-1018.372139,15
PAGE L,-1013.116909,1797.826038,-2098.373573,16
BRIN S,-889.0723,1805.447253,-1904.096405,16
HAMMERSLEY J,858.466649,-177.537257,-1187.390995,14
BROADBENT S,942.785972,-235.550668,-1349.14102,14
KUMAR R,-108.14574,-1025.875336,-1838.175687,20
BRODER A,-253.060291,-1346.345441,-1814.035796,19
MAGHOUL F,-512.939709,-1041.654559,-2074.964204,19
RAGHAVAN P,-458.73143,-867.21759,-1781.184352,22
RAJAGOPALAN S,-189.669618,-1334.656672,-1390.436734,22
STATA R,-236.060291,-1495.345441,-1771.047881,19
TOMKINS A,-255.623849,-1276.015949,-1483.898809,22
WIENER J,-521.939709,-882.654559,-2108.616608,19
CLAFFY K,-2287.73143,-322.21759,-916.268733,14
BROIDA A,-2268.534093,-364.889523,-514.579389,14
COULL J,2574.129896,-3528.701205,-993.103603,15
BUCHEL C,3039.486161,-3678.39298,-1276.651918,15
FRISTON K,3074.391396,-3710.926323,-1336.039718,17
FORTUNA L,-2520.608604,366.073677,3731.782853,20
BUCOLO M,-2920.765823,681.098916,3613.076327,15
LAROSA M,-2843.765823,621.098916,3707.725985,20
GAUTRAIS J,51.11022,-77.939316,-164.887698,18
BUHL J,7.653466,323.228807,-312.052177,18
SOLE R,-182.306381,-186.188546,-161.659475,27
KUNTZ P,50.756517,303.500073,-368.685643,19
VALVERDE S,-166.400132,348.459791,-260.675992,20
DENEUBOURG J,91.02334,474.214856,-325.801349,18
THERAULAZ G,80.696008,420.328606,-381.761475,18
CORREIA J,1681.437233,-1588.97593,-2800.635207,15
BURDA Z,1850.662669,-1934.523315,-3069.237812,16
KRZYWICKI A,1893.795014,-1895.084255,-3061.803583,16
JURKIEWICZ J,1871.23821,-1845.857223,-3019.093441,15
CASSI D,3466.23821,-2467.857223,-837.092342,15
BURIONI R,3482.566219,-2457.013542,-753.722157,15
VEZZANI A,3478.566219,-2515.013542,-757.101246,15
YOUNG M,916.14037,205.829866,-5949.799839,29
BURNS G,736.244756,191.768782,-6026.828168,20
CHROBAK J,-2091.993741,-2326.895253,-204.924617,14
BUZSAKI G,-2219.325848,-2082.581288,-282.554154,16
GEISLER C,-2262.325848,-2050.581288,-334.162713,16
HENZE D,-2261.325848,-1996.581288,-283.540435,16
WANG X,-2182.325848,-2080.581288,-207.945594,17
CALDARELLI G,-1174.325848,938.418712,737.314647,23
DELOSRIOS P,-1225.399276,676.779609,1299.595982,17
MUNOZ M,-1487.60741,859.60026,1353.286649,19
COCCETTI F,-1270.159194,652.262951,1187.721463,15
CALLAWAY D,-20.60741,-518.39974,60.490768,17
HOPCROFT J,-116.409527,-488.437082,44.101059,16
KLEINBERG J,-326.405365,-839.638912,-711.249315,20
STROGATZ S,-120.393254,-133.072156,276.440039,20
WATTS D,-9.771504,-334.042865,299.526609,19
CAMACHO J,-598.506519,-619.659719,579.969821,15
REECE J,1280.583684,1271.114721,550.952863,14
CAMPBELL N,996.87814,1223.619192,899.47429,14
WANG D,1060.87814,-500.380808,-2424.741683,16
CAMPBELL S,1230.372796,-301.047821,-2983.366531,15
JAYAPRAKASH C,1133.732573,-364.726403,-3019.106439,15
SERVEDIO V,-1014.267427,1186.273597,854.315925,18
COLAIORI F,-919.39259,1284.39974,1208.280123,16
DOYLE J,3781.60741,145.39974,10.671342,15
CARLSON J,3612.724304,-181.518979,-202.815431,14
LYNCH V,-122.872019,-3252.049235,1623.345966,16
CARRERAS B,-23.470321,-3468.464348,1990.029738,18
DOBSON I,70.529679,-3438.464348,2038.86653,16
NEWMAN D,-28.470321,-3494.464348,2069.988356,17
DOLROU I,-103.470321,-3404.464348,2055.86653,16
POOLE A,-132.470321,-3469.464348,2025.86653,16
LATORA V,-1677.470321,-136.464348,3122.569533,25
CARUSO F,-1596.254184,240.13606,3174.451123,16
RAPISARDA A,-1817.258103,-243.153992,3266.888566,18
TADIC B,-1347.254184,171.13606,3415.681469,17
CASTELLANO C,-1317.04915,610.476729,161.821851,18
VILONE D,-945.696001,690.916904,-159.430701,15
COATES T,-1841.025215,2500.97919,-925.601337,16
CATANIA J,-1671.479564,2924.148325,-1157.410669,16
KEGELS S,-1652.479564,2924.148325,-1240.410669,16
FULLILOVE M,-1670.178575,2981.795414,-1206.403065,16
ZHANG Y,-3011.479564,2367.148325,-5054.589807,18
CHALLET D,-3126.179993,1880.914395,-4668.563934,14
HUGHES B,2720.32932,-1737.113609,-739.843869,16
CHAN D,2785.801647,-1706.729622,-1021.825689,16
LEONG A,2891.127522,-1280.757754,-698.978385,16
REED W,2853.127522,-1220.757754,-692.61248,16
PIKOVSKY A,1166.801647,2903.270378,-1694.579779,21
CHATE H,1152.381203,3077.365653,-950.178147,16
RUDZICK O,1131.129344,3141.468734,-1026.569824,15
CHAVEZ M,400.129344,1985.468734,-680.798919,16
HWANG D,375.637418,1862.398655,-593.489283,18
AMANN A,496.637418,1991.398655,-647.906885,16
CHANG H,2744.637418,-3990.601345,5197.125036,17
CHEN Q,2880.011409,-4049.359181,4922.696041,17
GOVINDAN R,2316.988591,-4247.640819,4955.544438,18
JAMIN S,2855.011409,-4166.359181,4867.856685,17
SHENKER S,2275.988591,-4261.640819,5112.143315,17
WILLINGER W,2446.988591,-4280.640819,5068.143315,17
RANGARAJAN G,-3318.988591,3156.640819,1476.03564,15
CHEN Y,-3619.882161,3191.384701,1802.633145,15
DING M,-3648.648246,3155.233982,1802.637118,15
CHANGIZI M,-2382.713807,-2831.111563,2002.020164,16
CHERNIAK C,-2091.201634,-2737.178502,2001.51339,16
KANG D,-2033.898736,-2737.661257,1939.612252,15
MOKHTARZADA Z,-2210.789492,-2694.0617,1939.261783,16
RODRIGUEZESTEBAN R,-2173.028286,-2743.707939,2025.728064,16
CHKLOVSKII D,1148.460542,-5240.229928,1661.493605,23
KOULAKOV A,1334.597046,-5111.341808,1569.164364,14
MEL B,1071.402954,-4737.658192,1916.605289,15
SVOBODA K,1266.597046,-5055.341808,1528.772702,15
HYMAN J,-1843.597046,937.341808,-1417.086972,15
CHOWELL G,-1948.981809,787.162382,-1763.630772,15
EUBANK S,-1993.54112,786.098595,-1721.883259,15
VU V,-1331.501437,169.74184,-2653.023066,15
CLAUSET A,413.098388,-251.851098,601.570274,15
MOORE C,-10.771276,-328.638571,527.001591,18
BRIAND F,1902.47662,-2851.303163,-1164.968246,15
COHEN J,2348.626541,-2500.419609,-1289.56276,15
NEWMAN C,2316.763048,-2433.641472,-1232.359485,15
COHEN R,-310.362669,2072.175588,3688.085263,18
BENAVRAHAM D,-715.328785,1798.426968,3898.221566,18
HAVLIN S,-750.560935,1845.567884,3915.634639,20
EREZ K,-757.560935,1922.567884,4002.053218,16
HEITHAUS M,-252.560935,4115.567884,1380.285884,15
CONNOR R,85.558302,4411.024959,1069.203348,15
BARRE L,106.558302,4446.024959,1110.825357,15
KADANOFF L,-1783.302821,-1037.557992,-3426.247631,15
COPPERSMITH S,-1757.911864,-1439.64515,-2990.771961,15
ZHANG Z,-2057.224681,-1443.992471,-3362.698065,15
HAUGHTON V,2692.775319,-4093.992471,-4137.669744,19
CORDES D,2717.354694,-4206.98077,-3856.309548,19
ARFANAKIS K,3021.800685,-3771.773889,-3910.658364,19
CAREW J,2709.386017,-4073.792356,-3755.767518,19
TURSKI P,3031.788353,-3707.743809,-3786.021625,19
MORITZ C,3027.873905,-3900.334624,-3920.751587,19
QUIGLEY M,2523.24227,-4075.837236,-3884.29052,19
MEYERAND M,2662.199315,-3895.226111,-3989.665732,19
KUHN T,-4620.354694,1996.98077,1230.199624,16
CORMAN S,-5127.746301,1910.106239,1372.396665,16
MCPHEE R,-5050.746301,1888.106239,1387.385496,16
DOOLEY K,-5041.381682,1959.01515,1297.899411,16
LEISERSON C,-1749.746301,-3597.893761,3827.398862,16
CORMEN T,-1549.611105,-3538.390989,3421.716613,16
RIVEST R,-1666.778728,-3518.683168,3471.222103,16
STEIN C,-1658.933372,-3561.447438,3469.307341,16
COSENZA S,-2656.778728,530.316832,3596.033627,18
CRUCITTI P,-1940.88978,-20.939316,3413.462232,23
FRASCA M,-2624.254184,730.13606,3781.898632,19
STAGNI C,-2614.11022,691.939316,3552.886523,18
USAI L,-2725.765823,512.098916,3550.523592,18
COULUMB S,420.11022,-125.939316,-338.832583,14
FLORES J,2030.754665,-4707.729683,-1320.721173,16
CRIADO R,1718.594246,-4785.506575,-1271.569984,17
HERNANDEZBERMEJO B,1715.594246,-4834.506575,-1340.569984,17
PELLO J,1771.594246,-4912.506575,-1231.961708,16
ROMANCE M,1677.594246,-4868.506575,-1278.569984,17
GARCIADELAMO A,1646.594246,-4764.506575,-1328.35337,16
KOCH C,-1250.405754,3376.493425,-3949.784035,19
CRICK F,-1013.540576,3524.063502,-4296.570444,14
MARCHIORI M,-1846.459424,-90.063502,3210.717173,20
PORTA S,-1819.254184,468.13606,3035.842846,15
SZENDROI B,-1685.254184,82.13606,-1335.763294,14
CSANYI G,-1710.62368,-326.971773,-1504.154007,14
CSETE M,3671.37632,-251.971773,-234.153206,14
BESTAVROS A,4288.421303,1627.30288,515.14714,15
CUNHA C,4155.306501,1608.307681,900.999691,15
CROVELLA M,4214.314626,1629.289777,928.195882,15
DOOB M,-4114.685374,-730.710223,-339.804118,15
CVETKOVIC D,-4144.153223,-522.493213,-737.150788,15
SACHS H,-4130.153223,-572.493213,-765.138795,15
DAFONTOURACOSTA L,-183.945831,406.697273,577.797418,16
DIAMBRA L,-224.564539,400.253931,615.364927,14
GANI J,618.210102,918.519691,-599.894261,14
DALEY D,1121.173243,991.843575,-628.819316,15
KENDALL D,1181.415474,746.2851,-530.181877,14
CHRISTENSEN M,676.415474,-485.7149,-21.778153,14
DALL J,342.477966,-486.776095,269.604955,14
DAVIDSEN J,-672.522034,3439.223905,-3669.704535,15
GARDNER B,3433.061123,2515.150421,274.411178,15
DAVIS A,3115.143603,2600.916763,-50.478678,15
GARDNER M,3088.143603,2612.916763,-104.478678,15
DAVIS G,2644.143603,-551.083237,562.130163,16
GREVE H,2582.951756,-902.516625,967.60005,14
YOO M,2698.886256,-884.081934,1006.35573,15
HERRMANN H,-206.727547,-783.081466,870.095518,18
DEARCANGELIS L,-268.954931,-1182.618784,984.980667,14
GROSSMAN J,30.369455,336.530881,-904.976868,15
DECASTRO R,298.848514,735.135406,-613.247253,14
NEAU D,-3988.151486,1237.135406,-1367.784851,16
DEFFUANT G,-4096.672665,1243.163382,-1328.616381,16
AMBLARD F,-4095.968811,1179.69001,-1255.36299,16
WEISBUCH G,-3982.919885,1149.106939,-1325.053413,16
DEFRAYSSEIX H,-113.968811,136.69001,-316.522933,14
MEDEIROSSOARES M,1025.399514,4652.845784,-5987.068184,19
DELIMAESILVA D,1410.542022,4385.833671,-5878.878928,19
HENRIQUES M,1276.787613,4283.90099,-5784.843672,19
SCHIVANIALVES M,779.787231,4284.749725,-6208.535915,19
DEAGUILAR S,910.341447,4377.143692,-6306.99461,19
DECARVALHO T,872.457978,4222.166329,-6356.130837,19
CORSO G,998.787231,4247.749725,-6141.54568,19
LUCENA L,1383.212769,4496.250275,-5739.464085,19
BOTTACCIO M,-1457.578767,1174.919728,914.683611,16
DELUCIA M,-1675.153804,826.03339,740.120416,16
MONTUORI M,-1714.153804,771.03339,718.132684,16
PIETRONERO L,-1537.153804,756.03339,859.91604,17
DEMENEZES M,-562.153804,1059.03339,3276.121576,16
MOUKARZEL C,-715.100153,1390.277761,3372.407995,15
PENNA T,-303.609853,1571.280466,2966.776077,15
GREENE D,128.390147,5969.280466,-1600.617904,16
DEMERS A,35.226052,6063.046772,-1439.186538,16
HAUSER C,11.521251,6030.243138,-1345.1897,16
IRISH W,82.809471,6011.088549,-1320.711557,16
LARSON J,122.226052,6097.046772,-1409.175186,16
MOTTER A,1769.869154,2843.857651,-1488.023458,20
DEMOURA A,1571.028339,2296.877336,-1439.024932,16
GREBOGI C,1526.028339,2237.877336,-1424.808318,15
FLYVBJERG H,1619.028339,-1958.122664,2358.789338,14
DERRIDA B,1985.36027,-1858.726546,2517.876858,16
GARDNER E,2004.36027,-1856.726546,2586.109524,15
ZIPPELIUS A,1964.36027,-1802.726546,2578.501004,16
BREBAN R,4178.36027,-252.726546,4920.881497,16
DESHAZER D,4119.08791,-345.110483,4858.862882,16
OTT E,4004.08791,-432.110483,4875.438809,19
ROY R,4244.08791,-220.110483,4920.222257,20
MARDER E,1660.08791,1556.889517,538.47833,14
DESTEXHE A,1580.858087,1831.349879,90.056059,14
DEZSO Z,-300.372995,1073.532747,2870.101841,14
HEESTERBEEK J,2537.872602,1350.106873,658.849096,14
DIEKMANN O,2171.072933,1319.536,1089.035378,14
DOBRIN R,-487.927067,1138.536,3785.820962,16
BEG Q,-409.011665,1281.224428,3736.371662,16
DODDS P,89.90394,-32.370451,382.773036,17
MUHAMAD R,506.305461,-31.144465,7.585053,15
ROTHMAN D,483.49101,121.666375,-18.581861,14
SABEL C,393.003624,92.130903,-100.439595,15
HERRMANN J,-1738.996376,-2810.869097,4398.869624,15
DODEL S,-1902.855943,-2751.638995,4524.237881,15
GEISEL T,-1931.855943,-2728.638995,4624.680508,18
HOFFMAN A,1365.144057,1363.361005,251.631329,14
DONATH W,1166.170048,994.961342,534.297758,14
DONETTI L,-1552.829952,1079.961342,1487.297224,14
DOROGOVTSEV S,-811.840806,487.737049,-413.897138,17
GOLTSEV A,-1058.450397,1.200838,-288.341963,15
MENDES J,-915.549603,490.799162,-574.036928,16
SAMUKHIN A,-933.549603,440.799162,-558.645494,15
GU J,-218.450397,-1331.799162,-171.74594,14
DU D,-76.010974,-1257.9274,-545.343201,14
DUNNE J,-390.010974,1079.0726,2869.501891,16
WILLIAMS R,-165.505158,1322.405299,2894.299988,16
MARTINEZ N,-221.505158,1388.405299,2853.936951,16
KEELING M,-911.505158,2050.405299,-128.524772,14
EAMES K,-1208.990072,2145.753377,276.387122,14
MIELSCH L,-580.990072,3629.753377,-3728.220631,15
GOMEZGARDENES J,-254.938877,612.150421,-146.793153,16
ECHENIQUE P,-556.927017,495.068295,-483.10049,16
MORENO Y,-483.927017,551.068295,-428.301524,24
VAZQUEZ A,-544.16949,554.01056,265.707339,23
MOSES E,-1623.16949,-943.98944,196.084135,14
ECKMANN J,-1969.541286,-1062.993352,-157.304527,14
ROUSSEAU R,1386.812633,2348.76845,742.234194,14
EGGHE L,1100.707472,2325.268723,946.44894,14
EGUILUZ V,1305.707472,1533.268723,-4983.804753,20
CHIALVO D,1277.351422,979.513153,-5774.47397,19
CECCHI G,1281.869105,1341.378077,-5546.380712,17
BALIKI M,1180.17103,1239.118315,-5059.905582,16
APKARIAN A,1322.82897,1355.881685,-5687.094418,16
KLEMM K,1364.82897,1584.881685,-5510.958676,14
SCHUSTER P,-795.351422,-2612.513153,36.109765,14
EIGEN M,-716.021065,-2830.949901,-207.019461,14
MARCOTTE E,-5410.113955,31.536623,2952.049291,18
EISENBERG D,-5351.078806,130.430614,2851.467411,18
XENARIOS I,-5290.227967,56.950128,2814.399921,18
YEATES T,-5253.078806,96.430614,2901.641727,16
LEVANON E,1041.540301,-148.823233,-330.543255,14
EISENBERG E,1168.617165,-527.320872,-276.57584,14
FRIES P,5057.398961,-176.401527,2450.155038,15
ENGEL A,5014.289944,176.126197,2461.726429,19
SINGER W,5004.289944,228.126197,2384.552113,16
MOLL C,5039.289944,78.126197,2561.173939,16
FRIED I,5026.866198,71.235751,2662.034614,16
OJEMANN G,4998.866198,13.235751,2614.672065,16
RENYI A,3002.866198,-557.764249,318.278591,14
ERDOS P,3202.996172,-929.807641,-32.192998,14
RODGERS G,-1012.003828,-343.807641,3559.846648,18
ERGUN G,-1276.960133,69.954066,3836.366679,14
ERIKSEN K,700.564769,-404.654284,981.234504,16
SIMONSEN I,777.529972,-373.956459,1148.304018,16
MASLOV S,649.529972,-395.956459,1157.912355,16
KOUTSOUPIAS E,1876.397316,-2226.472021,822.184505,15
FABRIKANT A,2038.795787,-2099.823217,716.325858,15
PAPADIMITRIOU C,1993.743597,-2124.281706,709.817767,15
FALOUTSOS P,2275.961104,4150.608558,1874.236012,15
FALOUTSOS M,1874.040457,4076.438369,2023.051103,15
FALOUTSOS C,1872.040457,4110.438369,2070.051103,15
SUNSHINE M,-329.959543,-1598.561631,-177.352309,14
FARARO T,-407.640241,-1651.450031,-466.74244,14
FARKAS I,-263.640241,938.549969,3441.528541,20
DERENYI I,188.662505,974.243248,3812.454089,20
FAUST K,-1766.904086,3572.089618,2020.54038,16
WILLERT K,-1711.62604,3327.050374,1706.809635,16
ROWLEE D,-1844.404766,3829.414581,1868.85644,16
SKVORETZ J,-1791.404766,3883.414581,1843.85644,16
FELL D,-850.618534,-1904.606274,-4246.775435,16
VANESSEN D,449.238833,-314.538771,-517.271804,14
FELLEMAN D,534.799696,-60.695643,-838.364089,14
SOLISPERALES G,1356.920829,66.214603,-454.638961,14
FEMAT R,1157.934059,105.756533,-856.083196,14
GARNETT G,-791.295724,2160.836633,-441.915391,14
FERGUSON N,-910.678127,2214.55861,94.727125,14
FERRERICANCHO R,-120.429294,-8.618643,218.342521,16
JANSSEN C,101.756517,308.500073,109.694148,15
KOHLER R,-251.91589,34.937186,129.8649,15
MATTHEYSES R,-159.501278,1791.821693,-152.34342,14
FIDUCCIA C,-437.429336,1672.80136,320.124364,14
STRAUGHN B,-3767.932032,-1217.923293,-88.113878,15
FILATRELLA G,-4031.643693,-1193.208079,-505.141336,15
BARBARA P,-3980.643693,-1180.208079,-533.532419,15
KAHKONEN S,1373.910241,322.635793,779.476689,14
FINGELKURTS A,1627.087511,169.41197,1138.403526,14
FINK K,826.087511,1474.41197,-1154.436531,16
JOHNSON G,636.775106,1596.086624,-1737.553803,16
CARROLL T,632.775106,1664.086624,-1651.945465,16
LAWRENCE S,-438.224894,-607.913376,-1233.715851,18
FLAKE G,-552.966683,-673.688799,-934.759603,17
GILES C,-613.239774,-606.126825,-970.442498,17
COETZEE F,-587.411953,-619.118176,-1115.490756,16
SCHONMANN R,1947.761301,-192.335711,-509.467965,14
FONTES L,1628.859602,59.731298,-679.72389,14
SPATA A,-2788.796206,797.570485,3732.483738,16
FORTUNATO S,-978.765823,430.098916,1730.686801,16
KESSELMAN C,-3556.728234,1097.502672,2328.41197,14
FOSTER I,-3194.617998,1250.107876,2033.41098,16
HILL C,246.498719,-2271.514256,-1012.534718,14
FOX J,-46.168181,-2155.385897,-1100.954789,14
STRAUSS D,-756.168181,584.614103,-1531.944108,14
FRANK O,-777.740118,315.494855,-1510.300794,14
FRITH C,2824.259882,-3848.505145,-1557.073011,16
LIDDLE P,3092.009704,-3769.984775,-1377.368771,16
FRACKOWIAK R,3112.009704,-3713.984775,-1433.003964,16
FRONCZAK A,950.486161,135.60702,589.553801,16
FRONCZAK P,883.754021,107.609324,525.747023,15
JEDYNAK M,1019.037079,122.035205,483.336704,16
SIENKIEWICZ J,845.50839,470.327659,828.923909,16
YAMADA T,-1661.472385,25.422455,-1525.816068,14
FUJISAKA H,-1569.630171,-157.710375,-1789.020222,14
HU C,299.022309,-1977.342158,-150.496677,14
GADE P,-282.009032,-2018.153445,-13.55504,14
LUBASHEVSKY I,867.990968,-1192.153445,688.836142,15
GAFIYCHUK V,982.520897,-1175.493599,893.630229,15
STOSYK A,1023.785215,-1175.379663,928.87338,15
MARSDEN P,522.520897,114.506401,-34.76122,14
GALASKIEWICZ J,533.70747,308.827729,-198.55258,14
LERMAN K,-1686.591184,2273.800429,-250.125404,14
GALSTYAN A,-1747.751956,1961.121584,-88.743526,14
HANGGI P,-4090.751956,-2110.878416,2469.040501,16
GAMMAITONI L,-3895.989208,-1871.284852,2370.255198,16
JUNG P,-3925.989208,-1929.284852,2420.241893,16
MARCHESONI F,-3895.421393,-1910.565954,2329.744291,16
HU B,-2930.989208,2647.715148,-4767.074636,16
GAO Z,-2886.267795,2672.735234,-5121.039339,15
HU G,-2982.267795,2593.735234,-5231.554232,22
JOHNSON D,1061.732205,261.735234,-83.645762,14
GAREY M,1314.198838,-27.509778,30.700961,14
GLEI D,2963.432425,2686.802878,2429.757342,15
GARFINKEL I,2494.552723,2694.174074,2682.217076,15
MCLANAHAN S,2512.552723,2658.174074,2725.217076,15
GARLASCHELLI D,-1446.447277,911.174074,1073.781712,18
CASTRI M,-1336.153804,894.03339,1019.511865,16
LOFFREDO M,-1152.846196,1248.96661,751.650702,14
GASTNER M,-36.153804,-387.96661,378.337549,14
BIENFANG J,-691.195203,-261.888184,-3169.333968,14
GAUTHIER D,-515.892187,167.083053,-3410.981182,16
GIRVAN M,182.420205,226.139413,173.107426,15
PEREZPENA R,847.707382,361.542723,-662.271263,14
GLANZ J,712.111367,428.391551,-657.235087,14
GLEISS P,-703.888633,-1932.608449,-4320.446544,16
STADLER P,-1014.263881,-2354.325846,-4483.768083,16
GOH K,-336.263881,-285.325846,3190.656234,19
GHIM C,148.471123,-288.476237,3407.293324,16
KAHNG B,77.094526,-73.353635,3427.229019,24
KIM D,-405.475133,-119.158087,3087.265689,19
LEE D,61.471123,-306.476237,3416.669178,16
OH E,135.094526,-110.353635,3272.111587,18
NICHOLS D,373.394484,329.181342,-1889.773948,16
GOLDBERG D,233.582976,601.395273,-2060.571582,16
OKI B,286.149017,520.016504,-1945.700182,16
TERRY D,2.863843,130.204454,-2016.443872,16
GONZE D,5307.028288,89.208671,-2032.018434,17
GOLDBETER A,5324.738421,135.699288,-2183.441598,20
HOUART G,5483.652983,106.016999,-2087.48819,16
LELOUP J,5437.652983,63.016999,-2004.48819,16
DUPONT G,5419.738421,169.699288,-2034.872446,16
ROUGHGARDEN J,2223.261579,-599.699288,170.697797,14
GOLDWASSER L,2235.916366,-958.243924,376.229307,14
HANSEL D,67.43344,-669.465083,-193.62052,15
GOLOMB D,69.201978,-927.78161,273.264323,15
RINZEL J,110.020002,-949.471985,311.062935,14
VANLOAN C,627.329496,-18.491754,-750.498101,14
GOLUB G,888.883202,-0.529386,-1232.784583,14
FLORIA L,-313.125175,718.251345,-522.965351,15
GONZALES M,45.072983,-1263.931705,801.399449,15
SOUSA A,-138.388067,-1456.748568,1129.980343,17
HALLY J,5144.553441,133.166836,-1962.404087,15
SIMMEN M,4305.652983,-473.983001,55.3069,15
GOODHILL A,4611.583525,-320.03138,151.69248,15
WILLSHAW D,4564.086262,-263.970681,359.805528,15
HALL D,1617.688385,-2493.439499,1950.183838,16
GOODMAN M,1518.096746,-2609.393272,1898.449548,16
AVERY L,1523.768885,-2647.254744,1835.224442,16
LOCKERY S,1577.768885,-2660.254744,1894.859635,16
GORMAN S,-254.231115,356.745256,3944.078385,14
TANGMUNARUNKIT H,2794.182121,-4174.881872,4835.446636,14
GRAY C,5429.011409,179.640819,2091.644161,16
KONIG P,5089.289944,228.126197,2354.173939,16
GREGOIRE G,1208.710056,2726.873803,-1332.388355,14
KUJALA J,1472.858747,4158.391751,-1927.517138,17
GROSS J,1132.762228,4000.371525,-2218.192282,17
HAMALAINEN M,1250.376609,4298.340567,-2327.923629,20
TIMMERMANN L,1148.762228,4149.371525,-2251.528402,17
SCHNITZLER A,1050.376609,3916.340567,-2073.799728,23
SALMELIN R,1258.762228,4071.371525,-2274.178427,17
ION P,489.623391,401.659433,-741.495621,14
GUARDIOLA X,-665.151486,-228.864594,190.536593,16
LLAS M,-832.514812,-346.038594,63.428364,16
PEREZ C,-845.482992,-294.986225,-7.644822,16
BOTTANI S,-296.945056,-3775.883145,4171.167051,16
GUELZIM N,136.359996,-3846.734693,4333.752292,16
BOURGINE P,124.055412,-3916.664912,4337.921863,16
KEPES F,86.368301,-3933.462652,4391.628584,16
GIRALT F,-361.944588,-531.664912,358.299113,16
MOSSA S,-727.730347,-431.091575,639.159447,17
TURTSCHI A,-730.027153,-558.032592,545.689273,16
GUPTA S,4256.77651,912.799262,-71.578251,15
HALL G,-289.342913,36.718467,-3486.959938,15
BAHAR S,-484.889271,-37.870402,-3618.007306,15
HARI R,1592.110729,4382.129598,-2632.153303,16
ILMONIEMI R,1351.762228,4403.371525,-2459.800619,16
KNUUTILA J,1913.623391,4224.659433,-2174.650467,16
LOUNASMAA O,1895.623391,4205.659433,-2274.318192,16
JONES J,2528.237772,-1011.371525,1754.62319,14
HANDCOCK M,2513.512301,-1203.108087,1648.805258,16
SOMPOLINSKY H,483.512301,-1002.108087,1.805701,16
HOPFIELD J,2652.180488,-969.164377,4941.376853,16
HARWELL L,2579.903052,-772.917466,4905.035524,16
LEIBLER S,2594.903052,-705.917466,4862.659548,16
MURRAY A,2634.321641,-718.894116,4929.049043,16
HEAGY J,676.903052,1802.082534,-1145.736448,15
KRAUSE U,1360.224894,1391.913376,381.758934,14
HEGSELMANN R,1268.297497,1507.750762,-114.34533,14
XU H,1925.297497,-1179.249238,610.567965,15
HE M,1983.108383,-1555.195166,692.60121,15
SUN Q,1927.742598,-1561.853599,773.264599,15
HERRMANN C,-761.642746,136.291819,703.6617,15
PROVERO P,-804.421378,-44.48645,588.17543,15
HONG D,-450.421378,-815.48645,935.17543,15
ROUX S,215.346694,-959.125549,804.807034,14
HILGETAG C,1119.147781,521.889651,-5617.327779,22
ONEILL M,823.993741,566.895253,-5587.723128,19
SCANNELL J,591.244756,273.768782,-5936.436567,20
GRANT A,779.244756,311.768782,-5788.6956,14
KAISER M,1042.519082,730.205438,-5542.036423,18
HANSON J,-688.222943,1410.015347,-689.564502,14
HILLIER B,-947.172542,1407.906712,-700.739308,14
HUXLEY A,-2172.172542,285.906712,-1894.039449,14
HODGKIN A,-2314.871197,511.781512,-1642.598167,14
HOFF P,2108.128803,-898.218488,1604.01017,15
RAFTERY A,2565.512301,-1227.108087,1687.791525,15
LEINHARDT S,635.512301,-1719.108087,-214.98961,14
HOLLAND P,527.846624,-1739.64553,-411.847572,14
HOLME P,167.817961,-251.149244,1661.027936,24
EDLING C,-335.832654,-23.229328,1024.640134,17
LILJEROS F,-480.152617,-281.916247,1266.753948,17
GHOSHAL G,-84.811403,-13.117206,1309.598705,16
HUSS M,-115.589258,310.48618,2295.531547,15
KIM B,178.986184,266.384107,2051.529348,21
YOON C,207.422756,397.593369,2281.029061,16
HAN S,184.281186,371.132341,2271.911629,16
TRUSINA A,471.281186,113.132341,1668.085946,19
MINNHAGEN P,234.115847,-370.799193,1803.14121,19
HARKANY T,-3870.884153,2110.200807,-168.047839,16
HOLMGREN C,-4016.889935,2544.134659,-490.024626,16
SVENNENFORS B,-4194.507872,2594.72039,-346.928082,16
ZILBERTER Y,-4168.029286,2442.029024,-485.703749,16
HOLTER N,-2112.923981,-138.76214,100.810701,17
MITRA M,-2016.738258,-235.938496,423.729195,17
CIEPLAK M,-2010.256948,-208.75893,359.523225,17
FEDROFF N,-2110.738258,-141.938496,445.39016,17
HONG H,-160.738258,57.061504,2485.783578,18
CHOI M,398.864044,10.688697,2217.011895,19
PARK H,16.685428,-302.350943,2163.966682,16
RUPPIN E,-72.879384,-1159.050807,139.208425,14
HORN N,-440.345551,-1298.595551,351.998086,14
HUFNAGEL L,-2121.345551,-2940.595551,4914.382878,15
BROCKMANN D,-1995.629686,-2640.265675,4604.717026,15
YANG J,-2852.629686,2614.734325,-5081.665786,16
LIU W,-2852.267795,2512.735234,-5168.716097,15
BEANEY S,1172.820007,-2864.085605,-1783.176727,15
HUXHAM M,1188.08573,-2930.316188,-2074.167489,15
RAFFAELLI D,1240.08573,-2951.316188,-2088.859749,15
LOPEZRUIZ R,167.08573,1240.683812,-771.873482,16
IAMNITCHI A,-3623.186895,1213.569965,2044.756678,15
RIPEANU M,-3245.501281,1219.485744,2048.378277,15
IGOSHIN O,5527.959789,362.430442,-2442.438865,16
KAISER D,5250.652983,208.016999,-2278.085419,16
OSTER G,5199.652983,149.016999,-2262.098724,16
IHMELS J,2417.652983,-5091.983001,1981.523102,16
FRIEDLANDER G,2519.51363,-5092.935237,1936.055856,16
BERGMANN S,2528.51363,-5002.935237,1912.055856,16
OFERSARIG Y,2269.097536,-4505.66852,2161.995438,16
CHIBA T,4885.097536,-1836.66852,3058.373246,17
ITO T,4980.504208,-2070.096416,3148.866362,17
OZAWA R,4990.495792,-2185.903584,2644.133638,17
YOSHIDA M,4929.504208,-2186.096416,3122.866362,17
HATTORI M,5106.495792,-2140.903584,2592.133638,17
SAKAKI Y,4941.495792,-2073.903584,2603.147554,17
ITZKOVITZ S,1446.504208,-5382.096416,2510.433257,20
MILO R,1685.30021,-5519.50485,2114.55765,21
KASHTAN N,1670.649279,-5620.43357,2094.200038,20
ZIV G,1759.30021,-5530.50485,1945.921664,16
MONOD J,1852.30021,-122.50485,-501.915113,14
JACOB F,1731.494314,304.721212,-507.187363,14
TRAJTENBERG M,2178.494314,943.721212,494.824921,14
JAFFE A,1958.675353,928.040977,762.516032,14
MURTY M,-1275.324647,4028.040977,409.901011,15
JAIN A,-1184.111684,3993.91466,242.869809,15
FLYNN P,-1215.912806,4082.420066,243.921742,15
KRISHNA S,-254.039981,2513.470721,649.780205,14
JAIN S,-367.088876,2742.908046,979.222543,14
AMRITKAR R,443.911124,-2703.091954,-814.996055,15
JALAN S,553.078124,-3011.091356,-975.064386,14
LONDEI A,407.078124,-1663.091356,634.729666,16
JANKOWSKI S,563.163361,-1618.727726,539.435434,16
MAZUR C,388.21761,-1285.114135,732.856971,16
LOZOWSKI A,367.373335,-1422.964162,764.836982,16
YU H,-5306.591481,-1375.387882,-1189.499773,20
JANSEN R,-5110.8226,-1657.211656,-1380.633023,20
GREENBAUM D,-5246.751386,-1839.054547,-723.060879,20
KLUGER Y,-5056.751386,-1894.054547,-803.059658,20
KROGAN N,-5029.751386,-1747.054547,-956.047146,20
CHUNG S,-5198.248614,-1667.945453,-1631.940342,20
EMILI A,-5021.709625,-1902.949906,-1618.376659,20
SNYDER M,-5216.749908,-1570.262812,-1468.866534,20
GREENBLATT J,-5223.19065,-1840.443142,-890.090542,20
GERSTEIN M,-5369.751386,-1902.054547,-875.059658,20
LUCZAK T,-1309.250092,957.262812,-2055.873639,15
JANSON S,-1552.858993,951.228911,-2475.930734,15
RUCINSKI A,-1509.019351,931.204781,-2439.73568,15
MASON S,-412.858993,822.228911,3002.677542,16
TOMBOR B,-72.59055,636.574763,3167.419646,18
BLUMEN A,3108.9479,-3059.464456,1018.899339,15
JESPERSEN S,3555.474915,-3071.7862,1055.530509,15
SOKOLOV I,3671.474915,-3125.7862,1069.561149,19
SANO M,2647.474915,4101.2138,-397.872628,16
JIA L,2639.61206,4305.309642,-230.214358,16
LAI P,2634.009249,4390.248048,-298.088052,16
CHAN C,2611.61206,4314.309642,-305.90346,16
CLARAMUNT C,655.61206,3026.309642,705.313672,14
JIANG B,294.060338,3017.090123,915.738516,14
LOZADACASSOU M,2760.943328,-544.475277,-1297.800923,15
JIANG Y,3106.613871,-657.6361,-1686.244163,15
VINET A,3092.891745,-575.389431,-1690.656708,15
JIN E,464.613871,-32.6361,140.06141,15
BASCOMPTE J,405.716039,3985.337934,-260.461349,15
JORDANO P,433.386823,3944.249667,-84.416373,15
OLESEN J,412.867031,3874.818395,-86.767787,15
JOY M,1964.189257,3536.261188,711.457205,14
JOUVE B,271.660363,-485.499812,-5776.524384,19
ROSENTIEHL P,113.563301,-569.556089,-5462.418633,15
IMBERT M,88.398014,-575.09247,-5510.707142,15
JUNG S,124.398014,-347.09247,3329.899548,15
KIM S,288.5497,-139.586406,3191.209074,15
PARK Y,126.239252,229.31466,3211.001847,15
KALAPALA V,68.915881,-252.409998,339.672391,15
SANWALANI V,521.910546,-87.139896,451.226136,15
WOLF Y,-4857.910546,1970.139896,-2414.428391,16
KAREV G,-4658.687923,2257.335972,-2250.941928,16
RZHETSKY A,-4571.687923,2333.335972,-2263.550449,17
BEREZOVSKAYA F,-4668.687923,2284.335972,-2342.928256,16
KOONIN E,-4694.687923,2372.335972,-2322.928256,16
RILEY M,4273.312077,2558.335972,3353.421109,16
KARP P,4442.224682,2083.513778,3252.420101,16
PALEY S,4442.224682,2080.513778,3113.057064,16
PELLEGRINITOOLE A,4468.224682,2145.513778,3179.070736,16
KRUMMENACKER M,4472.224682,2020.513778,3184.057064,16
SELMAN B,-3515.775318,373.513778,-15.726736,15
KAUTZ H,-3264.727513,610.713214,144.767989,15
SHAH M,-3273.727513,644.713214,99.072651,15
WHITE S,2619.272487,1012.713214,165.681177,14
KEPHART J,2165.09029,1059.506533,-166.536055,14
GANESH A,-2099.90971,-1111.493467,-2184.226556,15
KERMARREC A,-1577.695082,-1043.526036,-2024.545893,15
MASSOULIE L,-1620.491405,-1083.673859,-2024.376014,15
CHUNG J,504.083398,-1.923248,1946.689303,17
KIM J,-344.884153,-445.799193,3592.0333,17
KINNEY R,-1229.364169,343.99568,3317.856226,16
MARTINEZ A,-4005.164848,3170.136462,-3811.313126,16
KINOUCHI O,-4075.651735,3002.520861,-4150.998759,16
LIMA G,-3707.348265,3138.479139,-3778.014913,16
LOURENC G,-4086.651735,2933.520861,-4081.998759,16
RISAUGUSMAN S,-3715.348265,3038.479139,-3768.014913,16
GELATT C,507.348265,-2382.479139,2672.797872,15
KIRKPATRICK S,848.922831,-2532.233347,2929.495961,16
VECCHI M,813.922831,-2532.233347,2987.104481,15
ZHAI Y,3060.922831,-71.233347,1945.493336,15
KISS I,2808.380188,96.833179,2113.539595,15
HUDSON J,2804.380188,94.833179,2056.550459,15
GRENFELL B,2471.380188,533.833179,757.147047,14
KLECZKOWSKI A,2792.555831,333.051635,532.082069,14
KUMAR S,-31.444169,-1151.948365,-1290.754769,16
BOLEN J,1733.202647,-1774.49817,-214.7214,15
KLEVECZ R,1669.55703,-1372.133518,-702.032396,15
DURAN O,1668.55703,-1430.133518,-690.044939,15
POTTERAT J,-3364.44297,4494.866482,-1297.744692,24
KLOVDAHL A,-3523.424825,4310.42197,-955.957854,17
WOODHOUSE D,-3285.575175,3832.57803,-1244.608857,20
MUTH J,-3369.722539,3941.846722,-1220.835887,20
MUTH S,-3340.277461,4591.153278,-1124.075551,26
DARROW W,-3568.277461,4415.153278,-942.370015,17
KLYACHKO V,-2931.424825,-676.57803,-2921.522491,14
PARLITZ U,-424.027556,953.57465,-1019.565658,14
KOCAREV L,-424.903478,1253.220424,-964.975577,14
LAURENT G,-1199.903478,3486.220424,-4210.969169,14
NORRIS D,3814.540576,-2054.063502,540.973353,15
KOCH M,4059.219548,-1841.561075,402.388843,15
HUNDGEORGIADIS M,4073.752446,-1804.150004,291.01205,15
PATURI R,1025.752446,-507.150004,-634.285969,14
ERMENTROUT B,4427.978824,-1406.359159,-684.567695,16
MILGRAM S,925.478628,-1391.110509,-331.200691,15
KORTE C,1000.597902,-1811.786825,1.436153,14
KOTTER R,1068.217206,-60.143085,-5466.86076,22
STEPHAN K,1014.165467,-40.809461,-5799.297427,19
SOMMER F,1174.529301,47.145734,-5649.612996,14
LEYVRAZ F,-755.462071,-457.230391,3817.971799,15
KRAUSE A,-1238.739706,-4773.074672,3075.973356,16
FRANK K,-1228.934331,-4878.424295,2845.675005,16
MASON D,-1271.569924,-4826.443765,2899.834532,16
TAYLOR W,-1102.618304,-4869.513482,3005.344647,16
KREE R,1909.647865,-1841.239752,2386.968109,14
VANDUYNHOVEN Y,-842.378593,2536.672003,-477.75317,15
KRETZSCHMAR M,-1176.062858,2853.026844,-343.624938,15
SEVERIJNEN A,-1190.062858,2803.026844,-316.624938,15
SIVAKUMAR D,-429.062858,-1143.973156,-1255.449461,17
UPFAL E,-523.038871,-1240.617477,-1471.487693,17
ZANETTE D,2137.302607,-1292.628474,-1422.361574,14
NAKAO H,2511.755187,371.954019,-2262.802496,14
KURAMOTO Y,2655.805414,731.242173,-1825.702173,16
MOON H,-2741.194586,207.242173,-630.485498,14
KWON O,-3019.614517,59.674165,-1075.171499,14
CORBACHO F,4226.385483,1090.674165,-2465.957082,16
LAGOFERNANDEZ L,4406.347017,1346.983001,-2162.901276,16
HUERTA R,4448.933551,1326.541362,-2181.883003,16
SIGUENZA J,4445.347017,1388.983001,-2196.914581,16
LAHTINEN J,427.347017,979.983001,317.388367,15
KASKI K,600.867654,757.718602,409.681398,18
MAXIE K,-4421.948759,-567.121785,502.840773,15
LAWNICZAK A,-4506.036979,-687.26716,560.706092,15
GERISCH A,-4471.036979,-668.26716,601.706092,15
HARRISON L,-2665.036979,-98.26716,-2576.308068,15
LEE L,-2128.51292,-42.232455,-2709.370419,15
MECHELLI A,-2656.128144,31.561449,-2499.705766,15
LEONE M,-469.51292,511.767545,-41.384503,16
ZECCHINA R,-753.150839,631.10809,288.530269,16
QUILICHINI P,-3714.150839,-2070.89191,-4016.520731,17
LEVANQUYEN M,-3584.308118,-2563.368591,-4086.620342,17
BERNARD C,-3518.580096,-2468.085714,-4016.45442,17
ESCLAPEZ M,-3593.908025,-2427.404212,-4119.105934,17
BENARI Y,-3828.576846,-1914.983339,-4261.10146,17
GOZLAN H,-3748.731393,-2022.057829,-4292.242686,17
CHEN G,-1844.898524,-2344.938784,309.438113,18
LI C,-1793.674152,-2066.418712,465.379834,14
HAUERT C,4760.325848,833.581288,402.771276,15
LIEBERMAN E,4728.817422,883.232932,-193.093931,15
NOWAK M,4656.817422,920.232932,-242.498858,16
ABERG Y,-324.182578,-378.767068,692.514139,16
ERNEUX T,808.847383,-1075.916247,-1051.120441,14
LI R,1324.057822,-1085.070556,-1168.373176,14
WAND H,-1790.942178,2323.929444,-407.993583,15
LI S,-2304.509074,2274.062716,-204.666292,15
OUYANG Q,-2273.509074,2249.062716,-244.569597,15
LAI Y,1580.490926,2558.062716,-1333.383745,19
LIU Z,1990.971661,2786.122664,-1641.262422,16
HOPPENSTEADT F,1934.971661,2830.122664,-1686.975068,16
YE N,2015.971661,2729.122664,-1608.569673,15
CAI X,243.028339,-1050.122664,-478.21173,14
LI W,170.217789,-649.272315,-689.22438,14
LI X,-2095.475582,-1956.919569,16.897959,14
LLOYD A,4579.903681,887.612364,259.704517,14
WINZELER E,1962.817422,654.232932,-72.715269,14
LOCKHART D,1817.945391,872.236138,173.413356,14
PAULS J,-4411.054609,-2707.763862,1501.250194,16
LOGOTHETIS N,-4247.862268,-3267.423552,1433.421463,16
AUGATH M,-4346.862268,-3174.423552,1473.432815,16
TRINATH T,-4336.862268,-3272.423552,1477.069839,16
OELTERMANN A,-4251.862268,-3191.423552,1496.421463,16
WHITE H,-2620.862268,4210.576448,-966.95961,23
LORRAIN F,-2610.883091,4263.173962,-640.398643,14
LU J,-1875.116909,-1823.173962,141.938423,16
YU X,-1774.674152,-2180.418712,540.851529,16
CHEN D,-1755.096319,-2043.387636,601.475167,16
LUSSEAU D,122.903681,-57.387636,588.6923,14
CHEN T,-1118.084691,-991.852667,-318.370523,14
LU W,-946.522761,-1181.230268,-293.998117,14
MACDONALD P,-402.088139,428.30688,3641.618965,15
MENZINGER M,1183.805738,-2505.209356,-698.192608,15
MACGRAW P,1453.364913,-2583.101575,-276.159767,14
PALSSON B,1194.519903,-878.997612,-757.004682,14
MAHADEVAN R,1341.994294,-589.912624,-1026.256938,14
ZENG A,-1794.342455,1123.466536,-1418.028167,14
MA H,-2212.825274,995.520514,-1116.858238,14
MANGAN S,1324.174726,-5176.479486,2429.522866,16
SEN P,2102.918664,3609.727744,5318.658719,20
MANNA S,2177.985513,3668.672533,5117.970857,17
RIGON R,-1650.014487,-36.327467,336.354982,16
GIACOMETTI A,-1720.160694,-167.103332,803.616925,16
RODRIGUEZITURBE I,-1567.078551,-142.613862,740.783333,16
MARODI M,285.921449,1269.386138,3646.001564,15
DOVIDIO F,343.237974,1274.28354,3031.89488,15
MARRO J,-1535.762026,1311.28354,955.113691,16
DICKMAN R,-1534.846196,1570.96661,1152.661383,14
MARTIN R,867.153804,770.96661,-5635.502069,16
ANDRAS P,868.755244,563.231218,-5362.521197,16
ZALIZNYAK A,427.244756,-131.231218,861.528338,15
MARTI A,993.319461,-147.509984,-389.918032,14
MASOLLER C,1057.803087,236.095146,-523.011956,14
BAHIANA M,1870.196913,53.904854,1159.403664,14
MASSUNAGA M,1875.975124,159.997251,1230.355684,14
AIHARA K,-3678.024876,-1682.002749,721.759675,14
MASUDA N,-3801.397251,-1855.470855,440.819578,16
MIWA H,-3883.397251,-1868.470855,422.819929,15
KONNO N,-3863.979711,-1881.359773,458.003867,15
MATTHEWS P,-104.397251,-316.470855,-69.789262,15
MIROLLO R,287.285846,-68.624238,-205.438433,15
VALLONE A,761.285846,2357.375762,-1278.829688,16
HASTINGS A,418.894898,-209.131272,-103.669943,15
MCCANN K,227.04243,-407.244391,-538.681008,15
HUXEL G,139.517491,-359.03975,-542.3756,15
MCGRAW P,1296.683481,-2554.706778,-721.074158,14
MEESTER R,4130.539856,-121.807057,4940.002953,14
MEHRING C,2105.91209,-2025.889517,5890.745517,16
HEHL U,2010.897949,-2172.914665,6112.213669,16
KUBO M,2035.462303,-2155.26515,6095.304549,16
DIESMANN M,1951.462303,-2200.26515,6109.295515,16
PERSSON O,-1061.537697,-102.26515,-1032.872881,14
MELIN G,-754.722304,-44.342713,-1461.530967,14
BELEW R,3815.752773,672.631071,-1385.743143,14
MENCZER F,3886.859693,256.871375,-1247.673507,16
PANT G,3896.859693,326.871375,-1278.282027,16
RUIZ M,3997.859693,282.871375,-1298.972213,16
SRINIVASAN P,3906.915866,254.307025,-1318.594695,16
FRISHMAN D,2011.859693,5222.871375,299.370469,20
MEWES H,2078.40098,5336.271184,379.491194,21
GULDENER U,1432.710239,5443.568321,274.035762,20
MANNHAUPT G,1416.59902,5229.728816,442.90024,20
MAYER K,1383.59902,5396.728816,563.599458,20
MOKREJS M,1565.300153,5286.154452,538.724954,20
MORGENSTERN B,1664.59902,5457.728816,555.886446,20
MUNSTERKOTTER M,2104.40098,5657.271184,614.113554,20
RUDD S,1940.40098,5650.271184,556.09976,20
WEIL B,1696.712929,5301.65499,415.503444,20
LEVITT R,1599.40098,-5532.728816,2380.64221,19
SHENORR S,1604.7472,-5438.994834,2126.96169,20
AYZENSHTAT I,1194.820395,-5398.316026,2662.136055,19
SHEFFER M,1082.306839,-5277.868065,2591.189945,19
LEVY W,-3378.179605,-270.316026,-138.809776,14
REED B,1201.711178,-1837.570424,-693.157177,14
MOLLOY M,914.921923,-1940.529537,-1172.355236,14
MONTOYA J,-240.078077,-131.529537,-322.355637,14
MOREIRA A,-677.816792,-677.790311,679.385529,15
ANDRADE J,-798.246282,-433.035622,827.558342,15
MORELLI L,1941.753718,-1132.035622,-1589.125221,15
GOMEZ J,-671.710578,722.939649,-227.864258,15
PACHECO A,-310.354984,796.73917,108.462293,16
NEKOVEE M,-456.16949,733.01056,212.867601,16
VAZQUEZPRADA M,-366.16949,894.01056,89.560656,15
DASGUPTA P,1881.83051,2677.01056,-1188.144049,16
NISHIKAWA T,1827.971661,2816.122664,-1649.572236,16
PATZAK A,-313.971661,474.877336,-1485.051787,16
MROWKA R,-180.449698,1014.504128,-1547.385802,16
HERZEL H,-197.449698,939.504128,-1606.750609,16
HOLSTE D,-290.412684,1018.195177,-1617.870741,16
SCHONFISCH B,-2344.906052,4073.508714,1160.028754,15
MULLER J,-2399.842999,4028.93632,1298.15491,15
KIRKILIONIS M,-2426.842999,4060.93632,1337.46918,15
ARIMOTO S,3974.157001,-241.06368,1629.46918,15
NAGUMO J,4172.293868,-614.221372,1380.693516,15
YOSHIZAWA S,4199.736157,-638.032063,1349.867197,15
PEI X,3333.736157,217.967937,-5792.786734,20
NEIMAN A,3292.968775,68.172257,-5795.621379,20
RUSSELL D,2604.592798,273.652284,-5786.211841,22
WOJTENEK W,3313.097768,152.021601,-5886.806913,20
WILKENS L,3143.968775,121.172257,-5917.310344,20
MOSS F,3289.592798,199.652284,-5650.04729,20
BRAUN H,3141.031225,277.827743,-5089.044148,20
HUBER M,3308.031225,342.827743,-5147.044148,20
VOIGT K,3144.500447,99.107699,-5121.198295,20
VATTAY G,-1402.592798,-961.652284,-774.707715,14
NEMETH G,-1399.309534,-1251.668034,-1105.630861,14
CLEWLEY R,1861.690466,198.331966,-1743.805239,16
NETOFF T,1931.514706,574.658072,-1441.148645,16
ARNO S,1923.256389,620.64049,-1572.290701,16
KECK T,1788.14472,236.287622,-1851.511009,16
WHITE J,1810.756326,608.304264,-1528.706401,19
FORREST S,84.856117,-116.144259,27.563439,15
BALTHROP J,269.324196,292.113525,150.004379,15
LEICHT E,252.761943,200.510901,979.330582,15
NIEBUR E,-1012.021464,3632.422314,-3843.327841,16
KAMMEN D,-902.549304,3661.37244,-4410.075569,16
RIEGER H,311.450696,334.37244,-1307.912117,14
NOH J,175.880061,148.187863,-1354.788328,14
SIGMUND K,4482.63561,856.349737,-185.144352,14
RHO K,-37.182578,128.232932,2718.499277,16
SAWATARI R,2130.712635,-2072.551761,-136.501774,14
OHIRA T,1938.623201,-1825.264628,-220.589211,14
TREVES A,775.623201,-544.264628,-1940.577996,14
OKANE D,760.802819,-1089.508028,-1987.169685,14
ONNELA J,544.802819,355.491972,82.262981,17
CHAKRABORTI A,243.560872,692.083722,-184.975891,16
KANTO A,406.100432,623.435304,-203.881422,16
JARISARAMAKI J,275.879394,853.651556,-72.028143,16
DECASTRO P,-1124.285021,-2109.733415,45.556824,14
ONODY R,-1119.752709,-2507.557084,-55.006693,14
SAVAGEAU M,-1665.752709,1507.442916,-1893.235011,16
OOSAWA C,-1927.614979,1736.786797,-2132.802899,14
ROSENBLUM M,779.602891,3104.924524,-1760.13067,23
KAWAI R,-977.151021,5096.208554,-2941.710059,16
OTSUKA K,-735.552568,5293.414771,-2945.997609,16
HWONG S,-704.552568,5256.414771,-2861.997609,16
KO J,-936.447432,5032.585229,-2515.002391,16
CHERN J,-674.552568,5344.414771,-2830.983937,16
LARSEN N,-2106.552568,-2007.585229,-6974.554738,20
OVERBEEK R,-2149.029648,-2344.229732,-6531.263319,20
PUSCH G,-2236.467036,-2457.275362,-6625.700273,20
DSOUZA M,-2088.029648,-2503.229732,-6679.263319,20
SELKOVJR E,-1932.721602,-2326.150714,-6666.345891,20
KYRPIDES N,-2149.262086,-2241.523859,-6834.269299,20
FONSTEIN M,-1997.721602,-2335.150714,-6842.345891,20
MALTSEV N,-2211.262086,-2252.523859,-6659.269299,20
SELKOV E,-2144.970352,-1626.770268,-6610.736681,20
BASSLER K,-1096.262086,-824.523859,4963.513904,18
CORRAL A,-1387.50115,-344.751611,5030.645743,15
ANSELL C,3027.50115,1318.751611,-63.240312,14
PADGETT J,2850.173951,1698.526412,-211.812494,14
MOTWANI R,-1096.826049,1596.526412,-2299.607364,16
WINOGRAD T,-976.533351,1780.462743,-1924.596928,16
MANN M,-1697.773946,26.278747,-814.098133,14
PANDEY A,-1942.025067,-290.226673,-649.504668,14
PANDIT S,534.031969,-2784.342548,-795.495776,14
PARK J,56.078124,-265.091356,416.636541,14
PASSINGHAM R,848.568214,57.396965,-5164.602144,15
STHEPAN K,1060.537929,-130.230391,-5305.643679,15
RUBI M,-580.910153,-314.49372,-2.102057,15
SMITH E,-595.229428,121.353624,-88.612249,16
PENNOCK D,-259.719319,-243.570976,-1049.410464,16
GLOVER E,-505.902791,-709.877732,-851.079695,16
PETERMANNN T,-1386.675974,1067.895995,1072.2119,14
LOPES S,-1829.60741,-649.39974,-3114.66965,15
PINTO S,-1814.054566,-271.913945,-3380.945164,15
VIANA R,-1730.847073,-287.349832,-3396.727376,15
PLUCHINO A,-1813.246583,185.140569,2823.198507,15
PODANI J,67.745816,857.13606,3365.667553,17
SZATHMARY E,183.015132,478.297527,3564.073325,17
KOCHEN M,1439.895722,-420.575115,484.100018,14
POOL I,1270.802627,-403.388374,669.944077,14
PORTER M,33.802627,-167.388374,387.727337,16
MUCHA P,-233.752028,-85.83881,198.336336,16
WARMBRAND C,-200.043363,-167.759526,176.760798,16
SIMON H,2232.853153,-1460.643658,-2540.875147,15
POTHEN A,2669.480284,-1320.536474,-2929.055133,15
LIOU K,2646.837056,-1278.773582,-2950.144631,15
ROTHENBERG R,-3041.519716,4499.463526,-1439.753253,24
ZIMMERMANROGER H,-2951.277461,4539.153278,-948.586599,19
GREEN D,-2855.747087,4009.300689,-918.011651,19
TAYLOR J,-2811.747087,4153.300689,-1047.024926,19
BONNEY M,-3109.252913,4762.699311,-864.975074,19
PHILLIPSPLUMMER L,-3474.252913,4575.699311,-1357.987129,19
MALDONADOLONG T,-3574.277461,4460.153278,-1311.586599,19
ZIMMERMAN H,-3243.722539,3847.846722,-1461.725474,19
WHITE D,3887.277461,494.846722,-2792.211375,16
POWELL W,3748.122796,450.465256,-2870.525383,16
KOPUT K,3813.528299,422.051396,-2874.51142,16
OWENSMITH J,3819.122796,491.465256,-2887.525383,16
RADICCHI F,-1405.877204,244.465256,-281.902634,16
CECCONI F,-1425.229309,690.606041,39.739195,16
LORETO V,-1516.83866,686.04216,-50.337639,16
PARISI D,-1441.261459,775.43883,45.440686,16
GLAZIER J,1191.482238,486.063013,285.971922,14
RAGHAVACHARI S,1428.419725,398.712072,294.850017,14
RAMASCO J,-599.392283,427.029882,-83.361855,15
KARIMIPOUR V,-1514.98687,-1959.478842,-1802.544725,15
RAMEZANPOUR A,-1681.582185,-2339.766499,-1806.875214,15
MASHAGHI A,-1722.45145,-2329.582523,-1835.098876,15
CHAMMAH A,3230.417815,-360.766499,1196.52713,14
RAPOPORT A,3423.689692,-45.552883,1174.974422,16
HORVATH W,3338.083082,-61.507705,1095.373066,14
SOMERA A,-42.916918,1380.492295,3196.195637,16
MONGRU D,-170.681343,1403.285684,3608.481436,16
REICHARDT J,-685.681343,3599.285684,-3667.706675,14
VARIAN H,1704.061123,2480.150421,645.423461,14
RESNICK P,1428.448142,2516.200416,891.352144,14
RESS G,-1075.094897,3276.133996,-3846.159708,15
KREIMAN G,-1200.522649,3278.501108,-3817.067785,15
RESTREPO J,3670.477351,-316.498892,4957.945399,15
HUNT B,3943.08791,-506.110483,4776.156827,15
GALITSKI T,2503.08791,1304.889517,419.074338,14
RIVES A,2265.132872,1500.013023,-31.530039,14
DARBYDOWMAN K,-1259.867128,-182.986977,3316.45635,14
DICKSON W,2374.564769,-470.654284,-1040.993279,14
ROETHLISBERGER F,2387.022696,-12.826958,-801.394101,14
WILLE L,1.633118,-1240.081154,187.582976,14
ROGERS J,-348.227732,-1458.784366,430.42206,14
ROGISTER F,4000.929777,178.768872,5020.157415,16
THORNBURG K,4161.91209,376.110483,4686.736484,16
FABINY L,4430.08791,-129.110483,4928.617276,16
MOLLER M,4390.08791,-118.110483,5032.263516,16
EGUIA M,-2802.91209,-1370.110483,-511.925662,14
ROMANO S,-2813.840346,-1176.637536,-358.373303,14
ROSA E,3850.105832,-155.799131,4916.626575,15
HESS M,3588.91209,6.110483,4543.52872,15
BOLOGNA S,1657.91209,-573.889517,1983.520053,15
ROSATO V,1535.378213,-673.987287,2224.918505,15
TIRITICCO F,1519.378213,-693.987287,2190.918505,15
ROSVALL M,112.7654,25.781564,1513.952095,16
BALDWIN J,-3097.582422,3951.855392,-1325.461667,16
TROTTER R,-3051.722539,4080.846722,-1401.846629,16
HINGAMP P,-2752.277461,-1129.846722,-1099.947439,14
ROUGEMONT J,-2494.62455,-1540.138013,-929.744865,14
RIECKE H,2987.37545,-558.138013,-105.365181,15
ROXIN A,2951.59487,-436.100832,-578.115107,15
SOLLA S,2998.087953,-515.15751,-610.194207,15
ROZENFELD A,-401.539131,2077.622435,3473.810005,16
SUSHCHIK M,-3352.439065,-1906.567884,-1512.677302,16
RULKOV N,-3505.77292,-2224.904036,-1324.782581,16
TSIMRING L,-3528.351607,-2236.158543,-1245.261075,16
ABARBANEL H,-3442.77292,-2248.904036,-1253.417774,16
GOMEZ S,-4313.603016,1882.044166,-2296.196373,14
SACHTJEN M,14.589254,-2916.320275,2042.773936,15
SAKAGUCHI H,2723.529679,251.535652,-2014.536058,15
SHINOMOTO S,2711.451414,718.563659,-1789.183464,15
SANDER L,3595.451414,-2736.436341,1332.588569,16
WARREN C,3727.474915,-3089.7862,1006.747611,16
SIMON C,3872.07837,-3170.529529,1052.472711,16
KOOPMAN J,3819.886929,-3054.220529,1018.554477,16
BLACKMORE C,871.07837,196.470471,-5791.921271,17
GRANT S,329.244756,324.768782,-5599.478803,16
PAYNE B,461.950597,558.223304,-5190.838167,16
BADDELEY R,508.043764,612.595871,-5155.307264,16
SCHAFER C,1149.043764,3149.595871,-1532.687818,16
ABEL H,981.92576,2782.229538,-1959.580052,16
PFEIFFER T,2932.618797,1887.634347,1764.42363,16
SCHUSTER S,2820.80518,2122.687876,2039.063206,20
MOLDENHAUER F,2974.893237,1893.005984,2250.997854,16
KOCH I,3315.401683,1916.317255,1890.024212,16
DANDEKAR T,3097.876462,1718.039202,2089.964578,16
BILLINGS L,1989.19482,-1450.687876,4196.281093,15
SCHWARTZ I,1597.396235,-1223.468458,4388.246601,15
BOLLT E,1588.164066,-1254.739729,4455.828186,16
SCHWARTZ N,-587.722332,1973.678883,3838.182995,16
RICHARDS W,563.671215,-1109.573032,105.926331,14
SEARY A,843.789476,-998.404963,-297.814553,14
BANERJEE K,2256.164132,3402.686281,4752.57453,15
BISWAS T,2055.985513,3596.672533,4861.145417,15
CHAKRABARTI B,2097.985513,3597.672533,4944.537019,14
DASGUPTA S,2273.985513,3771.672533,5155.970857,17
CHATTERJEE A,2228.418091,3648.509005,5256.882863,17
SREERAM P,2446.581909,3306.490995,5505.117137,17
MUKHERJEE G,2316.418091,3665.509005,5181.882863,17
MAES P,2862.938547,-1528.904345,311.508572,14
SHARDANAND U,2588.244399,-1475.576876,264.977793,14
GOLDING I,897.244399,1859.423124,3942.166704,16
SHEFI O,1144.971388,2107.282174,3649.944694,16
SEGEV R,1174.028612,1848.717826,4126.041634,16
BENJACOB E,921.77805,1865.797863,3528.029894,20
AYALI A,1186.711015,1949.312708,4154.757466,16
SHERRINGTON D,721.971388,-2180.717826,2450.119987,14
DURAND D,1889.922831,-2034.233347,-631.58607,14
SHUAI J,1666.611383,-1738.583284,-1052.936627,14
SIGMAN M,1043.611383,1394.416716,-5433.941967,14
NADEAU L,1754.463052,-2459.886781,-1757.569393,15
SIMARD D,2048.234414,-2638.161203,-2089.474023,15
KROGER H,2020.669288,-2654.371051,-2165.978848,15
GUPTE N,841.356913,-1079.460564,-1282.627189,14
SINGH B,399.281705,-919.242775,-1255.561994,14
TIMBERLAKE M,776.281705,845.757225,74.035349,14
SMITH D,1268.454905,685.807113,230.255238,14
BORK P,969.400058,-1649.432653,4096.416018,15
SNEL B,597.854137,-1701.806122,4579.775376,15
HUYNEN M,561.854137,-1747.806122,4585.460923,15
TSALLIS C,-3517.145863,-3366.806122,3345.55394,16
SOARES D,-3470.885474,-3639.278779,3029.362499,16
MARIZ A,-3411.885474,-3615.278779,3077.99995,16
DASILVA L,-3464.885474,-3562.278779,3048.375804,16
SOCOLAR J,2984.114526,249.721221,115.147548,14
KAUFFMAN S,3212.401301,636.435568,360.671571,14
SOFFER S,-473.505568,539.555821,140.597238,14
KEPLER T,-403.83051,42.98944,-357.232904,16
SALAZARCIUDAD I,24.280681,193.429024,-35.205554,15
GARCIAFERNANDEZ J,-368.9227,-138.793537,-65.563257,15
SOLOMONOFF R,2981.067426,-338.301863,1494.679657,14
CRISANTI A,170.916918,-937.492295,165.615451,14
SONG C,-669.125803,2203.467724,4005.446206,15
MAKSE H,-349.439065,2269.432116,3594.714116,15
SONG S,1257.328785,-4718.426968,1422.887138,16
SJOSTROM P,1183.597046,-4907.341808,1315.989315,16
REIGL M,919.402954,-4583.658192,1810.999332,16
NELSON S,995.402954,-4638.658192,1731.010685,16
MIRNY L,-1336.402954,704.658192,-1198.227878,14
SPIRIN V,-1689.119884,1010.341348,-812.794805,14
SPORNS O,1248.880116,450.341348,-5296.430333,19
TONONI G,1915.9198,280.619534,-5672.582677,16
EDELMAN G,1800.730956,330.192528,-5128.005389,16
ZWI J,1510.269044,299.807472,-5615.512189,14
AHARONY A,-84.9198,442.380466,1151.188634,16
ADLER J,-299.820903,427.101202,749.298402,16
MEYERORTMANNS H,-262.014344,421.226046,802.721939,14
STELLING J,2921.126033,2167.942019,1805.630502,16
KLAMT S,3093.725552,1980.201919,1663.407413,16
BETTENBROCK K,3152.725552,1915.201919,1694.396061,16
GILLES E,3065.725552,1997.201919,1752.407413,16
KAMPER L,940.725552,-265.798081,-5790.338742,17
BOZKURT A,973.327495,-144.459338,-5844.231882,17
ZELEN M,-501.34908,-2492.984854,-1118.202585,14
STEPHENSON K,-686.926046,-2446.026602,-1137.05434,14
TENENBAUM J,923.735352,374.574092,-163.101395,14
STEYVERS M,1091.745407,722.314861,209.9258,14
NETTLE D,-3863.254593,432.314861,25.707783,15
STILLER J,-4208.304089,289.078849,-402.61922,15
DUNBAR R,-4219.304089,247.078849,-364.314495,15
STILWELL D,1389.936329,-1439.492319,4213.138889,15
ROBERSON D,1485.761593,-1359.376506,4511.168306,15
SUCHECKI K,1164.184483,1862.229365,-5045.395024,15
SZABO G,322.648578,461.486847,515.513482,15
ALAVA M,215.799496,659.096475,162.163274,15
SZNAJD J,2534.428237,-757.078483,-39.129597,14
SZNAJDWERON K,2550.331716,-1115.335164,46.963312,14
THURNER S,-1388.962572,-171.220756,3851.096332,15
TAKAYASU H,974.020244,3554.536695,1323.940298,15
TAKAYASU M,925.755601,3612.591742,1669.320013,15
SATO T,871.755601,3591.591742,1685.330877,15
TASS P,1025.755601,3337.591742,-1468.722712,19
WEULE M,983.209012,3622.060347,-1756.923824,19
VOLKMANN J,1473.70228,3481.756879,-1723.717288,19
FREUND H,830.180415,3555.844456,-1791.96101,19
TERMAN D,788.209012,-332.939653,-2610.535213,14
ROSAJR E,-5315.120689,717.180379,-394.127501,16
TICOS C,-5382.517821,1201.551715,-774.940427,16
PARDO W,-5373.521214,1112.271627,-763.109586,16
WALKENSTEIN J,-5282.521214,1204.271627,-805.097073,16
MONTI M,-5267.521214,1146.271627,-733.109586,16
TIERI P,-2284.101625,90.552715,2755.521358,18
VALENSIN S,-2332.707967,-330.403573,3193.726621,18
CASTELLANI G,-2304.774761,-278.644019,3073.78391,18
REMONDINI D,-2339.225239,108.644019,2810.20193,18
FRANCESCHI C,-2248.214528,-431.978439,3217.847827,18
TIMME M,-1864.092102,-3263.568807,4845.086602,15
WOLF F,-1837.365378,-2673.048273,4644.939253,15
MCINTOSH A,2121.634622,546.951727,-5389.452349,16
TORNOW S,1814.457477,5286.835556,543.614341,14
KOZMA B,-1407.289761,-541.431679,5076.978054,16
HENGARTNER N,-1258.50115,-358.751611,5255.420157,16
KORNISS G,-1106.49885,-788.248389,5080.57081,16
TORRES J,-1625.50115,1492.248389,1369.035147,16
GARRIDO P,-1437.840806,1441.737049,1238.886813,16
TRAVERS J,898.846196,-1784.96661,-63.662181,14
DEALBUQUERQUE M,-3348.385207,-3562.950352,3108.955435,14
KENET T,-4095.885474,1364.721221,257.998775,16
TSODYKS M,-3851.808133,1493.798447,536.947863,16
GRINVALD A,-3798.808133,1548.798447,567.935045,16
ARIELI A,-3815.973697,1495.91814,607.38655,16
TYLER J,3348.191867,-2702.201553,2931.239183,15
WILKINSON D,3208.319437,-2824.278208,2936.748461,15
CSIKASZNAGE A,-72.897032,2320.734247,19.065752,15
TYSON J,-184.673944,2703.507044,-221.119949,15
NOVAK B,-201.673944,2751.507044,-250.120087,15
UETZ P,-1448.209797,-4275.694507,-804.99849,29
GIOT L,-2167.23624,-4136.304391,-105.530121,28
CAGNEY G,-1683.23624,-4181.304391,-105.155746,29
MANSFIELD T,-1517.23624,-4452.304391,-148.155746,29
JUDSON R,-2256.23624,-4586.304391,-662.530869,28
KNIGHT J,-1537.76376,-3689.695609,-1190.452805,28
LOCKSHON D,-2269.76376,-3908.695609,-1178.469131,28
NARAYAN V,-1713.76376,-4731.695609,-928.624588,28
SRINIVASAN M,-2582.23624,-4819.304391,-426.547195,28
POCHART P,-1886.23624,-4387.304391,-848.530838,28
QURESHIEMILI A,-1847.76376,-3811.695609,-1475.944443,28
LI Y,-1486.76376,-3733.695609,-850.624588,28
GODWIN B,-2073.76376,-4126.695609,-1376.469162,28
CONOVER D,-1954.76376,-4361.695609,-782.469894,28
KALBFLEISCH T,-1666.23624,-4138.304391,-847.545731,28
VIJAYADAMODAR G,-1601.76376,-4619.695609,-1324.469162,28
YANG M,-2249.76376,-3877.695609,-802.452805,28
JOHNSTON M,-2097.23624,-3767.304391,-443.530869,28
FIELDS S,-1292.76376,-4338.695609,-1255.452805,28
ROTHBERG J,-1827.76376,-3698.695609,-571.469879,28
GLOT L,-1604.23624,-4488.304391,-63.797317,16
FOREMAN R,1767.76376,-34.304391,415.419281,14
VALENTE T,2030.447032,-174.692954,250.268279,14
CANCHO R,99.447032,-57.692954,-8.731595,15
VANNUCCHI F,592.35783,2280.845335,-947.193609,14
VANPUTTEN M,875.312077,-600.441961,496.777879,14
STAM C,831.927612,-663.185468,454.537182,14
VANVREESWIJK C,265.927612,-827.185468,272.537181,14
VANWIGGEREN G,3920.478897,-34.430652,4938.731825,14
LACHAUX J,4333.91209,2657.110483,1175.141696,16
VARELA F,4753.721726,2502.788214,1546.007387,16
RODRIGUEZ E,4503.100786,2790.755115,1441.530726,16
MARTINERIE J,4523.274198,2733.620558,1544.509741,16
FLAMMINI A,-1050.899214,496.755115,216.896369,16
VAZQUEZ F,-629.499904,-379.939794,3888.931313,15
VEZOLI J,334.260294,-339.074672,-5850.62137,17
FALCHIER A,168.436699,11.556089,-6121.747138,17
KNOBLAUCH K,74.449133,107.279463,-6075.599426,17
KENNEDY H,136.436699,36.556089,-6020.097236,17
CZIROK A,577.436699,1743.556089,3426.635186,16
COHEN I,655.78206,1632.178053,3430.498367,16
SHOCHET O,672.21794,1414.821947,3950.501633,16
LANE D,-2609.123153,-2200.150772,389.981615,15
VOGELSTEIN B,-2648.982584,-2310.503269,260.065301,15
LEVINE A,-2676.982584,-2322.503269,307.443771,15
VANRENESSE R,-574.982584,-2827.503269,3477.053932,15
VOGELS W,-641.491443,-2347.943563,3367.30524,15
BIRMAN K,-645.491443,-2337.943563,3309.681094,15
VOLCHENKOV D,3652.76343,1737.353302,112.000572,15
VOLCHENKOVA L,3696.672137,1444.571146,337.992244,15
MORGENSTERN O,69.672137,1084.571146,83.600679,14
VONNEUMANN J,268.824944,1377.041256,-2.429942,14
VRAGOVIC I,-455.212942,-13.929891,153.250311,15
LOUIS E,-674.997619,-237.26179,-263.126392,15
HUANG P,-2978.710665,-1403.1362,536.56973,15
VUKADINOVIC D,-2835.971667,-1462.100852,1100.804231,15
ERLEBACH T,-2849.396741,-1135.371708,565.59618,15
TILGHMAN S,2793.603259,2305.628292,-349.012638,14
VUKMIROVIC O,2720.705401,2075.697076,-452.452551,14
WALL M,-1797.294599,1795.697076,-2370.221731,15
HIAVACEK W,-1959.844356,1778.628387,-2222.044468,15
ZHANG F,-4983.614979,-48.213203,-1811.792218,14
WANG B,-4968.030829,-21.068889,-1913.852661,17
WANG J,-4918.030829,-32.068889,-2045.852661,17
DEWILDE P,-4880.273308,-74.431221,-2054.95531,14
ZHANG C,2116.374251,2041.911,345.98396,14
WANG S,2416.039348,2007.215599,798.944311,14
XU J,-1955.960652,-2072.784401,344.646375,14
PATTISON P,-1754.325848,3436.418712,1402.608684,14
WEEKS M,4093.549956,-1356.769005,2809.364497,16
CLAIR S,4021.521324,-991.176622,3202.096797,16
RADDA K,4049.521324,-1077.176622,3176.459834,16
SCHENSUL J,4042.691454,-1062.002102,3088.194232,16
WELLMAN B,-2398.126869,4682.501756,-260.002679,19
SALAFF J,-2139.883091,4416.173962,-301.844658,17
DIMITROVA D,-2205.116909,4983.826038,-533.168694,17
GARTON L,-2215.116909,4891.826038,-454.168694,17
GULIA M,-2139.883091,4444.173962,-181.844658,17
HAYTHORNTHWAITE C,-2124.116909,4835.826038,-508.168694,17
BROWN J,-1298.883091,944.173962,-2831.004784,15
WEST G,-973.147774,1268.722795,-3049.175065,15
ENQUIST B,-975.147774,1323.722795,-3068.270646,15
NAZER N,-2193.147774,4625.722795,-712.56505,15
SOUTHGATE E,1539.116909,62.173962,-1570.615257,16
THOMPSON J,1419.43278,344.506072,-1961.52265,16
BRENNER S,1431.117798,298.062066,-1903.883277,16
WHITTINGTON M,4264.43278,-1406.493928,-1222.914343,16
TRAUB R,4272.478628,-1144.110509,-1271.665947,16
BUHL E,4542.89086,-1334.207138,-1146.959751,16
RAHMAN L,714.119103,-1910.908728,43.935181,14
WINFUL H,1047.508599,-2170.226009,494.746708,14
WOLLENBERG B,828.508599,590.773991,-707.943538,14
WOOD A,804.55825,647.126449,-1159.661248,14
WUCHTY S,-167.44175,985.126449,3170.957954,15
CHUA L,756.861416,556.816293,-187.07372,14
WU C,1305.417885,524.258079,-425.357456,14
WU F,3494.583889,-2588.302313,2526.942921,14
RICE D,-5683.688259,415.983456,2696.088845,17
SALWINSKI L,-5658.896315,398.545036,2907.381714,17
BARON M,-5461.227967,101.950128,2773.791523,17
XULVIBRUNET R,3444.772033,-3264.049872,1061.668293,14
HUANG L,975.474915,-2727.7862,-438.468377,15
YANG K,799.485742,-2823.963601,-381.42583,15
YANG L,764.485742,-2861.963601,-368.42583,15
YAN G,-4757.514258,-237.963601,-1780.641818,16
ZHOU T,-4985.273308,74.568779,-1974.739184,16
FU Z,-5102.777788,-63.619941,-1860.032196,16
LAUMANN E,-71.030829,-166.068889,-1074.987732,14
YAOUM Y,-11.045737,66.35156,-983.334617,14
JEANDUPREUX D,-336.889313,3834.901045,78.663658,16
YEHIA A,-293.612309,3713.812081,-140.329037,16
ALONSO F,-400.141787,3474.108441,-121.931514,16
GUEVARA M,-344.141787,3528.108441,-150.91912,16
YEUNG M,29.387691,-107.187919,-243.168528,14
YOOK S,-438.332022,628.521868,3363.129689,16
TU Y,-50.776219,902.441669,2826.198435,16
SAGER J,589.434486,149.13228,-5765.998053,16
CSARDI G,500.086185,-17.844266,-5431.974093,16
HAGA P,249.913815,434.844266,-5703.025907,16
YUSONG T,44.913815,-1217.155734,1102.967501,16
LINGJIANG K,30.144317,-1574.691728,1358.567579,16
MUREN L,130.895795,-1695.435972,1349.338897,16
ZAKS M,735.287999,2694.61078,-1541.700985,16
PARK E,802.894959,2833.113925,-1923.285108,16
ZASLAVER A,1874.894959,-5047.886075,2508.525012,19
MAYO A,1778.758635,-4835.344096,2882.77895,19
ROSENBERG R,1955.612947,-4779.890888,2800.672499,19
BASHKIN P,1934.467631,-4880.674068,2932.853197,19
SBERRO H,2144.241365,-5432.655904,2706.22105,19
TSALYUK M,2303.387053,-5428.109112,2714.341905,19
CLERC J,858.532369,82.674068,-932.503374,14
ZEKRI N,776.076995,284.743263,-1167.759606,14
CERDEIRA H,-3191.048981,2205.7128,-5289.95646,17
CHEN S,-3180.267795,2466.735234,-5259.205111,17
BRAUN T,-3277.267795,2531.735234,-5319.870882,17
YAO Y,-3227.267795,2432.735234,-5344.214388,17
ZHAN M,-2823.267795,2568.735234,-5234.419466,15
TRIMPER S,-3137.267795,1946.735234,-2206.417574,16
ZHENG D,-3152.748194,1874.140527,-1824.57077,16
ZHENG B,-3170.813381,1847.633073,-1732.742381,16
HUI P,-3105.813381,1854.633073,-1783.054454,16
ZHENG Z,-2861.813381,2447.633073,-4599.129405,15
CHANGSHUI Z,786.267795,-577.735234,315.633879,14
ZHONGBAO K,787.783614,-481.152114,-167.558208,14
MONDRAGON R,704.783614,-931.152114,-68.558341,14
ZHOU S,635.975167,-747.002438,466.713629,14
HUANG Z,383.975167,2300.997562,972.701346,14
ZHU H,332.059374,2228.97197,930.063921,15
ZHU J,334.059374,2201.97197,895.678942,14
ZIMMERMANN M,2180.948711,2156.452698,-5735.242793,15